question_type,question_complexity,n_questions,n_correct,accuracy,accuracy_percent
count,complex,1384,1298,0.9378612716763006,93.79
count,medium,1884,1855,0.9846072186836518,98.46
count,simple,274,271,0.9890510948905109,98.91
equal_color,complex,667,667,1.0,100.0
equal_integer,complex,343,334,0.9737609329446064,97.38
equal_integer,medium,2,2,1.0,100.0
equal_material,complex,681,681,1.0,100.0
equal_material,medium,9,9,1.0,100.0
equal_shape,complex,673,671,0.9970282317979198,99.7
equal_shape,medium,6,6,1.0,100.0
equal_size,complex,666,665,0.9984984984984985,99.85
equal_size,medium,8,8,1.0,100.0
exist,complex,445,441,0.9910112359550561,99.1
exist,medium,1346,1339,0.9947994056463596,99.48
exist,simple,229,228,0.9956331877729258,99.56
greater_than,complex,435,433,0.9954022988505747,99.54
greater_than,medium,64,64,1.0,100.0
less_than,complex,456,454,0.9956140350877193,99.56
less_than,medium,54,54,1.0,100.0
query_color,complex,613,587,0.9575856443719413,95.76
query_color,medium,629,592,0.9411764705882353,94.12
query_color,simple,112,102,0.9107142857142857,91.07
query_material,complex,604,602,0.9966887417218543,99.67
query_material,medium,625,623,0.9968,99.68
query_material,simple,111,111,1.0,100.0
query_shape,complex,594,593,0.9983164983164983,99.83
query_shape,medium,588,588,1.0,100.0
query_shape,simple,145,145,1.0,100.0
query_size,complex,641,640,0.9984399375975039,99.84
query_size,medium,596,595,0.9983221476510067,99.83
query_size,simple,114,112,0.9824561403508771,98.25
