question_type,n_questions,n_correct,accuracy,accuracy_percent
exist,20196,10749,0.5322341057635175,53.22
equal_material,6898,3474,0.5036242389098289,50.36
equal_size,6742,3365,0.499110056363097,49.91
query_shape,13273,6543,0.49295562419950273,49.3
greater_than,4993,2429,0.4864810735029041,48.65
equal_integer,3447,1675,0.4859297940237888,48.59
less_than,5101,2477,0.4855910605763576,48.56
equal_shape,6791,3250,0.4785745840082462,47.86
equal_color,6667,3165,0.47472626368681564,47.47
query_material,13404,3279,0.2446284691136974,24.46
query_size,13513,2762,0.2043957670391475,20.44
query_color,13544,2453,0.18111340815121088,18.11
count,35422,2252,0.06357630850883632,6.36
