question_type,n_questions,mean_sim_mean,mean_sim_std,eff_rank_mean,eff_rank_std
equal_integer,3447,0.1805522174148011,0.005567037122223139,24.26892950391645,0.4563673305735362
equal_color,6667,0.1805474685286472,0.005391472564130299,24.26023698815059,0.4502705833092239
query_shape,13273,0.1804849893452025,0.005493238559430891,24.265049348301062,0.45033277434130287
equal_size,6742,0.18046711342337843,0.005537468312048399,24.275734203500445,0.4590338524419358
query_size,13513,0.18046403114067222,0.005489507580284888,24.266854140457337,0.45340335033917445
query_material,13404,0.18043120621693448,0.005494015800711188,24.265368546702476,0.4510744779839022
equal_material,6898,0.180399242877803,0.005559318824878779,24.271962887793563,0.4553099826444341
less_than,5101,0.18039014375922777,0.005513014074226097,24.265438149382476,0.44953063664403864
count,35422,0.18038914119168598,0.005563148075676537,24.270086386991135,0.4540077325870792
equal_shape,6791,0.18036292193709297,0.005548001064640429,24.271683109998527,0.45241044192263596
greater_than,4993,0.1803555977885273,0.005499994764980317,24.267975165231324,0.453231194214115
exist,20196,0.18035384256363934,0.005596228944175559,24.27381659734601,0.4554853548427045
query_color,13544,0.18031496818176657,0.0055423484541792835,24.274512699350264,0.4577200305444813
