question_type,question_complexity,n_questions,mean_sim_mean,mean_sim_std,eff_rank_mean,eff_rank_std
count,complex,13434,0.18037460737148212,0.005545020081167869,24.270582105106445,0.45471090550879834
count,medium,19406,0.18041253215962494,0.005567415988311399,24.267649180665774,0.45287197449530386
count,simple,2582,0.18028895614784213,0.005625675633068544,24.2858249419055,0.458701734504466
equal_color,complex,6647,0.18055123903034165,0.005388339167780156,24.260267789980443,0.45032116858993415
equal_color,medium,20,0.17929434229049426,0.006383957170866718,24.25,0.44426165831931913
equal_integer,complex,3426,0.1805401873458063,0.005566987950940963,24.269118505545826,0.45590136527262626
equal_integer,medium,21,0.18251483724223896,0.005344716177426198,24.238095238095237,0.538958431120797
equal_material,complex,6823,0.1804012378180193,0.005553524077331386,24.271141726513264,0.4550101892780936
equal_material,medium,75,0.18021775651652508,0.006101356526252281,24.346666666666668,0.47911329510831746
equal_shape,complex,6735,0.18035595413475267,0.005546583651112523,24.271417965850038,0.4523390613653751
equal_shape,medium,56,0.18120092459355502,0.00570476845828289,24.303571428571427,0.46396092535874156
equal_size,complex,6675,0.18047259237548652,0.0055336267036309415,24.275205992509363,0.45889578869790587
equal_size,medium,67,0.1799212625976864,0.0059265013543036375,24.328358208955223,0.4731602234073835
exist,complex,4328,0.1802611028197313,0.005571069137688846,24.25924214417745,0.4497207397442995
exist,medium,13333,0.1804304578110836,0.005581653757478019,24.274956873921848,0.4559839905689157
exist,simple,2535,0.18010921397092106,0.005707362659063504,24.292702169625247,0.4619777454681555
greater_than,complex,4420,0.1803849838537309,0.005450918031009999,24.26764705882353,0.4538870688183343
greater_than,medium,573,0.18012891993826594,0.005864865637455952,24.270506108202444,0.4485242960041089
less_than,complex,4520,0.18035604846725561,0.005525631511215648,24.266592920353983,0.4501617645794934
less_than,medium,581,0.18065539456768584,0.0054111929384875156,24.25645438898451,0.44487172897772953
query_color,complex,6434,0.18023508233806856,0.005573729258717974,24.27898663350948,0.45949217923479335
query_color,medium,6023,0.18041557788522758,0.005534409789959492,24.27228955669932,0.4573190046762184
query_color,simple,1087,0.18023034377919755,0.005393918894283201,24.26034958601656,0.4493919230617995
query_material,complex,6094,0.1803980617561273,0.005476252090107196,24.262389235313425,0.4484668729631958
query_material,medium,6098,0.18046949213357208,0.005511592759253146,24.267300754345687,0.45248204210572407
query_material,simple,1212,0.18040522834936226,0.005497910379128827,24.27062706270627,0.45728737703548034
query_shape,complex,6090,0.18045332319379936,0.005471964570369112,24.263218390804596,0.4492765154606127
query_shape,medium,5964,0.18056062191487535,0.005481336149440075,24.264084507042252,0.4499178939030324
query_shape,simple,1219,0.18027315523241838,0.005652695055502493,24.278917145200985,0.4577091620641776
query_size,complex,6213,0.18042543113522327,0.005436086820277333,24.26396265894093,0.45306092819644234
query_size,medium,6048,0.18050763843087025,0.005527456695491417,24.268353174603174,0.4527378078706802
query_size,simple,1252,0.1804449296572348,0.005571643533897565,24.273961661341854,0.4585375827083219
