question_type,question_complexity,n_questions,accuracy,mean_sim_mean,eff_rank_mean,accuracy_percent
count,complex,13434,0.10599970224802739,0.18037460737148212,24.270582105106445,10.599970224802739
count,medium,19406,0.03756570132948572,0.18041253215962494,24.267649180665774,3.756570132948572
count,simple,2582,0.0383423702556158,0.18028895614784213,24.2858249419055,3.83423702556158
equal_color,complex,6647,0.4752519933804724,0.18055123903034165,24.260267789980443,47.525199338047244
equal_color,medium,20,0.3,0.17929434229049426,24.25,30.0
equal_integer,complex,3426,0.4886164623467601,0.1805401873458063,24.269118505545826,48.86164623467601
equal_integer,medium,21,0.047619047619047616,0.18251483724223896,24.238095238095237,4.761904761904762
equal_material,complex,6823,0.504323611314671,0.1804012378180193,24.271141726513264,50.4323611314671
equal_material,medium,75,0.44,0.18021775651652508,24.346666666666668,44.0
equal_shape,complex,6735,0.4786933927245731,0.18035595413475267,24.271417965850038,47.86933927245731
equal_shape,medium,56,0.4642857142857143,0.18120092459355502,24.303571428571427,46.42857142857143
equal_size,complex,6675,0.49842696629213484,0.18047259237548652,24.275205992509363,49.842696629213485
equal_size,medium,67,0.5671641791044776,0.1799212625976864,24.328358208955223,56.71641791044776
exist,complex,4328,0.5434380776340111,0.1802611028197313,24.25924214417745,54.34380776340111
exist,medium,13333,0.5288382209555239,0.1804304578110836,24.274956873921848,52.88382209555239
exist,simple,2535,0.5309664694280078,0.18010921397092106,24.292702169625247,53.09664694280079
greater_than,complex,4420,0.5018099547511312,0.1803849838537309,24.26764705882353,50.18099547511312
greater_than,medium,573,0.3682373472949389,0.18012891993826594,24.270506108202444,36.82373472949389
less_than,complex,4520,0.472787610619469,0.18035604846725561,24.266592920353983,47.2787610619469
less_than,medium,581,0.5851979345955249,0.18065539456768584,24.25645438898451,58.519793459552496
query_color,complex,6434,0.26826235623251476,0.18023508233806856,24.27898663350948,26.826235623251478
query_color,medium,6023,0.10493109745973767,0.18041557788522758,24.27228955669932,10.493109745973767
query_color,simple,1087,0.08739650413983441,0.18023034377919755,24.26034958601656,8.73965041398344
query_material,complex,6094,0.3634722678043978,0.1803980617561273,24.262389235313425,36.347226780439776
query_material,medium,6098,0.16595605116431617,0.18046949213357208,24.267300754345687,16.595605116431617
query_material,simple,1212,0.0429042904290429,0.18040522834936226,24.27062706270627,4.29042904290429
query_shape,complex,6090,0.551888341543514,0.18045332319379936,24.263218390804596,55.1888341543514
query_shape,medium,5964,0.4455063715627096,0.18056062191487535,24.264084507042252,44.55063715627096
query_shape,simple,1219,0.4306808859721083,0.18027315523241838,24.278917145200985,43.06808859721083
query_size,complex,6213,0.31466280379848705,0.18042543113522327,24.26396265894093,31.466280379848705
query_size,medium,6048,0.12962962962962962,0.18050763843087025,24.268353174603174,12.962962962962962
query_size,simple,1252,0.018370607028753993,0.1804449296572348,24.273961661341854,1.8370607028753994
